<?xml version="1.0" encoding="UTF-8" standalone="yes"?>
<bookShop>
  <publisherlist>
    <publisher>
      <publisherId>37</publisherId>
      <name>Academic Press</name>
      <url>www.apnet.com/</url>
      <booklist>
        <book>
          <bookId>159</bookId>
          <title>Advanced HTML &amp; CGI Writer's Companion</title>
          <url></url>
          <price>29.95</price>
          <isbn>0-12623540-6</isbn>
          <authorlist>
            <author>
              <authorId>97</authorId>
              <firstname>Keith</firstname>
              <lastname>Schengili</lastname>
              <url>https://www.avwklalkh.at</url>
            </author>
          </authorlist>
        </book>
      </booklist>
    </publisher>
    <publisher>
      <publisherId>38</publisherId>
      <name>Coriolis</name>
      <url>www.coriolis.com/</url>
      <booklist>
        <book>
          <bookId>181</bookId>
          <title>Netscape and HTML EXplorer</title>
          <url>www.coriolis.com/bookstor/cgbsnet/netshtml/netshtml.htm</url>
          <price>39.99</price>
          <isbn>0-18-83577578</isbn>
          <authorlist>
            <author>
              <authorId>64</authorId>
              <firstname>Jeff</firstname>
              <lastname>Duntemann</lastname>
              <url>https://www.um.at</url>
            </author>
            <author>
              <authorId>80</authorId>
              <firstname>Urban</firstname>
              <lastname>LeJeune</lastname>
              <url>https://www.vtbgj.at</url>
            </author>
          </authorlist>
        </book>
        <book>
          <bookId>186</bookId>
          <title>Web Site Wizardry</title>
          <url></url>
          <price>34.99</price>
          <isbn>1-88-357787-X</isbn>
          <authorlist>
            <author>
              <authorId>57</authorId>
              <firstname>Bill</firstname>
              <lastname>Brandon</lastname>
              <url>https://www.aagy.at</url>
            </author>
            <author>
              <authorId>58</authorId>
              <firstname>Mark</firstname>
              <lastname>Brown</lastname>
              <url>https://www.mifh.at</url>
            </author>
            <author>
              <authorId>74</authorId>
              <firstname>John</firstname>
              <lastname>Jung</lastname>
              <url>https://www.pxapnbnyo.at</url>
            </author>
            <author>
              <authorId>82</authorId>
              <firstname>Robert</firstname>
              <lastname>Megan</lastname>
              <url>https://www.etbusc.at</url>
            </author>
            <author>
              <authorId>96</authorId>
              <firstname>Tom</firstname>
              <lastname>Savola</lastname>
              <url>https://www.zjaiaif.at</url>
            </author>
          </authorlist>
        </book>
      </booklist>
    </publisher>
    <publisher>
      <publisherId>39</publisherId>
      <name>Franklin, Beedle &amp; Associates</name>
      <url>www.fbeedle.com/</url>
      <booklist>
        <book>
          <bookId>183</bookId>
          <title>The Web Page Workbook</title>
          <url>www.fbeedle.com/bookinfo/05-8.html</url>
          <price>19.95</price>
          <isbn>1-88790205-8</isbn>
          <authorlist>
            <author>
              <authorId>70</authorId>
              <firstname>Dawn</firstname>
              <lastname>Groves</lastname>
              <url>https://www.qgf.at</url>
            </author>
          </authorlist>
        </book>
      </booklist>
    </publisher>
    <publisher>
      <publisherId>40</publisherId>
      <name>IDG Books</name>
      <url>www.idgbooks.com/</url>
      <booklist>
        <book>
          <bookId>160</bookId>
          <title>Creating Cool Web Pages with HTML</title>
          <url>db.www.idgbooks.com/database/book/isbn/generic-book.tmpl?query=1-56884-454-9</url>
          <price>19.99</price>
          <isbn>1-56-884454-9</isbn>
          <authorlist>
            <author>
              <authorId>101</authorId>
              <firstname>Dave</firstname>
              <lastname>Taylor</lastname>
              <url>https://www.qqonxg.at</url>
            </author>
          </authorlist>
        </book>
        <book>
          <bookId>161</bookId>
          <title>Creating Web Pages for Dummies</title>
          <url>db.www.idgbooks.com/database/book/isbn/generic-book.tmpl?query=1-56884-645-2</url>
          <price>20.00</price>
          <isbn>1-56884645-2</isbn>
          <authorlist>
            <author>
              <authorId>56</authorId>
              <firstname>Arthur</firstname>
              <lastname>Bebak</lastname>
              <url>https://www.idukewo.at</url>
            </author>
            <author>
              <authorId>98</authorId>
              <firstname>Bud</firstname>
              <lastname>Smith</lastname>
              <url>https://www.ripnn.at</url>
            </author>
          </authorlist>
        </book>
        <book>
          <bookId>167</bookId>
          <title>HTML for Dummies 2'nd Edition</title>
          <url>db.www.idgbooks.com/database/book/isbn/generic-book.tmpl?query=1-56884-330-5</url>
          <price>30.00</price>
          <isbn>1-56-884647-9</isbn>
          <authorlist>
            <author>
              <authorId>73</authorId>
              <firstname>Steve</firstname>
              <lastname>James</lastname>
              <url>https://www.gjdh.at</url>
            </author>
            <author>
              <authorId>102</authorId>
              <firstname>Ed</firstname>
              <lastname>Tittel</lastname>
              <url>https://www.enufb.at</url>
            </author>
          </authorlist>
        </book>
        <book>
          <bookId>168</bookId>
          <title>HTML For Dummies Quick Reference</title>
          <url>db.www.idgbooks.com/database/book/isbn/generic-book.tmpl?query=1-56884-990-7</url>
          <price>12.99</price>
          <isbn>1-56884990-7</isbn>
          <authorlist>
            <author>
              <authorId>92</authorId>
              <firstname>Deborah</firstname>
              <lastname>Ray</lastname>
              <url>https://www.pvlcj.at</url>
            </author>
            <author>
              <authorId>93</authorId>
              <firstname>Eric</firstname>
              <lastname>Ray</lastname>
              <url>https://www.kvgeixjxb.at</url>
            </author>
          </authorlist>
        </book>
        <book>
          <bookId>180</bookId>
          <title>More HTML For Dummies</title>
          <url>db.www.idgbooks.com/database/book/isbn/generic-book.tmpl?query=1-56884-996-6</url>
          <price>22.99</price>
          <isbn>1-56-88499-66</isbn>
          <authorlist>
            <author>
              <authorId>102</authorId>
              <firstname>Ed</firstname>
              <lastname>Tittel</lastname>
              <url>https://www.enufb.at</url>
            </author>
          </authorlist>
        </book>
        <book>
          <bookId>189</bookId>
          <title>Foundations of WWW Programming with HTML and CGI</title>
          <url></url>
          <price>39.99</price>
          <isbn>1-56884703-3</isbn>
          <authorlist>
            <author>
              <authorId>68</authorId>
              <firstname>Mark</firstname>
              <lastname>Gaither</lastname>
              <url>https://www.vejzsns.at</url>
            </author>
            <author>
              <authorId>72</authorId>
              <firstname>Sebastian</firstname>
              <lastname>Hassinger</lastname>
              <url>https://www.ns.at</url>
            </author>
            <author>
              <authorId>102</authorId>
              <firstname>Ed</firstname>
              <lastname>Tittel</lastname>
              <url>https://www.enufb.at</url>
            </author>
            <author>
              <authorId>107</authorId>
              <firstname>Mike</firstname>
              <lastname>Erwin</lastname>
              <url>https://www.dfwckiefl.at</url>
            </author>
          </authorlist>
        </book>
      </booklist>
    </publisher>
    <publisher>
      <publisherId>41</publisherId>
      <name>Integrated Media Group</name>
      <url>www.thomson.com/rcenters/img/img.html</url>
      <booklist>
        <book>
          <bookId>172</bookId>
          <title>HTML Plus!</title>
          <url>scholar.lib.vt.edu/jpowell/htmlplus/</url>
          <price>36.00</price>
          <isbn>0-53451626-2</isbn>
          <authorlist>
            <author>
              <authorId>90</authorId>
              <firstname>James</firstname>
              <lastname>Powell</lastname>
              <url>https://www.oipbt.at</url>
            </author>
          </authorlist>
        </book>
      </booklist>
    </publisher>
    <publisher>
      <publisherId>42</publisherId>
      <name>McGraw-Hill</name>
      <url>www.mcgraw-hill.com/</url>
      <booklist>
        <book>
          <bookId>174</bookId>
          <title>HTML Publishing on the Internet</title>
          <url></url>
          <price>45.00</price>
          <isbn>0-07-912100-4</isbn>
          <authorlist>
            <author>
              <authorId>61</authorId>
              <firstname>Francis</firstname>
              <lastname>Chin</lastname>
              <url>https://www.xthcl.at</url>
            </author>
            <author>
              <authorId>62</authorId>
              <firstname>Kenny</firstname>
              <lastname>Chu</lastname>
              <url>https://www.cssgvdbly.at</url>
            </author>
          </authorlist>
        </book>
        <book>
          <bookId>187</bookId>
          <title>Webmaster's Guide to HTML</title>
          <url>www.ddx.com/htmltoc.html</url>
          <price>34.95</price>
          <isbn>0-07-912273-6</isbn>
          <authorlist>
            <author>
              <authorId>79</authorId>
              <firstname>Marianne</firstname>
              <lastname>Krcma</lastname>
              <url>https://www.udghpo.at</url>
            </author>
          </authorlist>
        </book>
      </booklist>
    </publisher>
    <publisher>
      <publisherId>43</publisherId>
      <name>Microsoft Press</name>
      <url>www.microsoft.com/mspress/</url>
      <booklist>
        <book>
          <bookId>171</bookId>
          <title>HTML In Action</title>
          <url>www.microsoft.com/MSPRESS/BOOKS/DES/5-948-xA.HTM</url>
          <price>29.95</price>
          <isbn>1-55615948-X</isbn>
          <authorlist>
            <author>
              <authorId>83</authorId>
              <firstname>Bruce</firstname>
              <lastname>Morris</lastname>
              <url>https://www.jkbs.at</url>
            </author>
          </authorlist>
        </book>
      </booklist>
    </publisher>
    <publisher>
      <publisherId>44</publisherId>
      <name>Netscape Press</name>
      <url>www.netscapepress.com/</url>
      <booklist>
        <book>
          <bookId>173</bookId>
          <title>HTML Publishing for Netscape, Windows Edition</title>
          <url>ephraim.vmedia.com/catalog/</url>
          <price>39.95</price>
          <isbn>1-56-604288-7</isbn>
          <authorlist>
            <author>
              <authorId>71</authorId>
              <firstname>Stuart</firstname>
              <lastname>Harris</lastname>
              <url>https://www.otpzophddp.at</url>
            </author>
            <author>
              <authorId>77</authorId>
              <firstname>Gayle</firstname>
              <lastname>Kidder</lastname>
              <url>https://www.kwgsw.at</url>
            </author>
          </authorlist>
        </book>
      </booklist>
    </publisher>
    <publisher>
      <publisherId>45</publisherId>
      <name>New Riders</name>
      <url>www.mcp.com/newriders/</url>
      <booklist>
        <book>
          <bookId>179</bookId>
          <title>Hybrid HTML Design</title>
          <url>www.mcp.com/229881981168830/cgi-bin/bag?isbn=1-56205-617-4&amp;last=/bookstore</url>
          <price>35.00</price>
          <isbn>1-56205617-4</isbn>
          <authorlist>
            <author>
              <authorId>94</authorId>
              <firstname>Kevin</firstname>
              <lastname>Ready</lastname>
              <url>https://www.pcsemetqrfm.at</url>
            </author>
            <author>
              <authorId>103</authorId>
              <firstname>Janine</firstname>
              <lastname>Warner</lastname>
              <url>https://www.okhmzi.at</url>
            </author>
          </authorlist>
        </book>
      </booklist>
    </publisher>
    <publisher>
      <publisherId>46</publisherId>
      <name>O'Reilly</name>
      <url>www.ora.com/</url>
      <booklist>
        <book>
          <bookId>185</bookId>
          <title>HTML: The Definitive Guide</title>
          <url>www.ora.com/www/item/html.html</url>
          <price>29.95</price>
          <isbn>1-56-592175-5</isbn>
          <authorlist>
            <author>
              <authorId>75</authorId>
              <firstname>Bill</firstname>
              <lastname>Kennedy</lastname>
              <url>https://www.rm.at</url>
            </author>
            <author>
              <authorId>87</authorId>
              <firstname>Chuck</firstname>
              <lastname>Musciano</lastname>
              <url>https://www.btdnndeql.at</url>
            </author>
          </authorlist>
        </book>
      </booklist>
    </publisher>
    <publisher>
      <publisherId>47</publisherId>
      <name>Osborne/McGraw-Hill</name>
      <url>www.osborne.com</url>
      <booklist>
        <book>
          <bookId>157</bookId>
          <title>Beyond HTML</title>
          <url></url>
          <price>27.95</price>
          <isbn>0-07-882198-3</isbn>
          <authorlist>
            <author>
              <authorId>105</authorId>
              <firstname>Richard</firstname>
              <lastname>Karpinski</lastname>
              <url>https://www.etiwdcrr.at</url>
            </author>
          </authorlist>
        </book>
      </booklist>
    </publisher>
    <publisher>
      <publisherId>48</publisherId>
      <name>Peachpit Press</name>
      <url>www.peachpit.com/</url>
      <booklist>
        <book>
          <bookId>170</bookId>
          <title>HTML for the World Wide Web: Visual Quick Start Guide</title>
          <url>www.peachpit.com/peachpit/titles/catalog/88448.html</url>
          <price>17.95</price>
          <isbn>0-02188448-8</isbn>
          <authorlist>
            <author>
              <authorId>59</authorId>
              <firstname>Elizabeth</firstname>
              <lastname>Castro</lastname>
              <url>https://www.ojwhhmyk.at</url>
            </author>
          </authorlist>
        </book>
      </booklist>
    </publisher>
    <publisher>
      <publisherId>49</publisherId>
      <name>Prentice Hall</name>
      <url>www.prenhall.com/</url>
      <booklist>
        <book>
          <bookId>169</bookId>
          <title>HTML For Fun and Profit: Gold Signature Edition</title>
          <url>www.sun.com/smi/ssoftpress/books/Morris/Morris.html</url>
          <price>40.00</price>
          <isbn>0-13-242488-6</isbn>
          <authorlist>
            <author>
              <authorId>84</authorId>
              <firstname>Mary</firstname>
              <lastname>Morris</lastname>
              <url>https://www.mtqy.at</url>
            </author>
          </authorlist>
        </book>
        <book>
          <bookId>182</bookId>
          <title>The Web Page Recipe Book</title>
          <url>www.prenhall.com/~ray/013/460295/ptr/46029-5.html</url>
          <price>29.95</price>
          <isbn>0-13460296-X</isbn>
          <authorlist>
            <author>
              <authorId>89</authorId>
              <firstname>Elisabeth</firstname>
              <lastname>Parker</lastname>
              <url>https://www.xvrvu.at</url>
            </author>
            <author>
              <authorId>99</authorId>
              <firstname>Barrie</firstname>
              <lastname>Sosinsky</lastname>
              <url>https://www.fnkrw.at</url>
            </author>
          </authorlist>
        </book>
      </booklist>
    </publisher>
    <publisher>
      <publisherId>50</publisherId>
      <name>Que</name>
      <url>www.mcp.com/que/</url>
      <booklist>
        <book>
          <bookId>158</bookId>
          <title>10 Minute Guide to HTML</title>
          <url>www.mcp.com/cgi-bin/bag?isbn=1-07897-0541-9&amp;userID=&amp;last=/bookstore</url>
          <price>15.00</price>
          <isbn>0-78970541-9</isbn>
          <authorlist>
            <author>
              <authorId>65</authorId>
              <firstname>Tim</firstname>
              <lastname>Evans</lastname>
              <url>https://www.tjckvypg.at</url>
            </author>
          </authorlist>
        </book>
        <book>
          <bookId>184</bookId>
          <title>Using HTML</title>
          <url>www.mcp.com/2738492176554/cgi-bin/bag?isbn=0-7897-0622-9&amp;last=/bookstore</url>
          <price>24.99</price>
          <isbn>0-78-970622-9</isbn>
          <authorlist>
            <author>
              <authorId>74</authorId>
              <firstname>John</firstname>
              <lastname>Jung</lastname>
              <url>https://www.pxapnbnyo.at</url>
            </author>
            <author>
              <authorId>78</authorId>
              <firstname>Greg</firstname>
              <lastname>Knauss</lastname>
              <url>https://www.bfwzifej.at</url>
            </author>
            <author>
              <authorId>91</authorId>
              <firstname>Neil</firstname>
              <lastname>Randall</lastname>
              <url>https://www.avaeovoixye.at</url>
            </author>
            <author>
              <authorId>96</authorId>
              <firstname>Tom</firstname>
              <lastname>Savola</lastname>
              <url>https://www.zjaiaif.at</url>
            </author>
          </authorlist>
        </book>
        <book>
          <bookId>166</bookId>
          <title>HTML by Example</title>
          <url>www.mcp.com/26417620761498/cgi-bin/bag?isbn=0-7897-0812-4&amp;last=/bookstore</url>
          <price>34.99</price>
          <isbn>0-78970812-4</isbn>
          <authorlist>
            <author>
              <authorId>100</authorId>
              <firstname>Todd</firstname>
              <lastname>Stauffer</lastname>
              <url>https://www.rs.at</url>
            </author>
          </authorlist>
        </book>
        <book>
          <bookId>175</bookId>
          <title>HTML Quick Reference</title>
          <url>www.mcp.com/282320801523718/cgi-bin/bag?isbn=0-7897-0867-1&amp;last=/bookstore</url>
          <price>17.99</price>
          <isbn>0-78970867-1</isbn>
          <authorlist>
            <author>
              <authorId>85</authorId>
              <firstname>Robert</firstname>
              <lastname>Mullen</lastname>
              <url>https://www.fobkrbsto.at</url>
            </author>
          </authorlist>
        </book>
        <book>
          <bookId>177</bookId>
          <title>HTML Visual Quick Reference</title>
          <url>www.mcp.com/cgi-bin/bag?isbn=0-7897-0411-0&amp;userID=75136573&amp;last=/bookstore</url>
          <price>15.00</price>
          <isbn>0-07-970411-0</isbn>
          <authorlist>
            <author>
              <authorId>108</authorId>
              <firstname>Dean</firstname>
              <lastname>Schar</lastname>
              <url>https://www.vxwbxza.at</url>
            </author>
          </authorlist>
        </book>
        <book>
          <bookId>188</bookId>
          <title>Using HTML Special Edition</title>
          <url>www.mcp.com/que</url>
          <price>49.99</price>
          <isbn>0-78-970758-6</isbn>
          <authorlist>
            <author>
              <authorId>86</authorId>
              <firstname>Nathan</firstname>
              <lastname>Muller</lastname>
              <url>https://www.iludd.at</url>
            </author>
          </authorlist>
        </book>
      </booklist>
    </publisher>
    <publisher>
      <publisherId>51</publisherId>
      <name>Sams.net</name>
      <url>www.mcp.com/samsnet/</url>
      <booklist/>
    </publisher>
    <publisher>
      <publisherId>52</publisherId>
      <name>Waite</name>
      <url>www.waite.com/waite/</url>
      <booklist>
        <book>
          <bookId>163</bookId>
          <title>HTML 3 How-To</title>
          <url>w3.waite.com/waite/waite/books.new/HTML_3_How_To/html/html3htcov.html</url>
          <price>39.99</price>
          <isbn>1-57-169050-7</isbn>
          <authorlist>
            <author>
              <authorId>66</authorId>
              <firstname>Jeff</firstname>
              <lastname>Foust</lastname>
              <url>https://www.vyxgjrjrr.at</url>
            </author>
            <author>
              <authorId>76</authorId>
              <firstname>David</firstname>
              <lastname>Kerven</lastname>
              <url>https://www.weidbmdtkmz.at</url>
            </author>
            <author>
              <authorId>104</authorId>
              <firstname>John</firstname>
              <lastname>Zakour</lastname>
              <url>https://www.ldqkbajha.at</url>
            </author>
          </authorlist>
        </book>
        <book>
          <bookId>164</bookId>
          <title>HTML 3 Interactive Course</title>
          <url>w3.waite.com/waite/waite/books.new/HTML_3_Interactive_Course/html/h3iccov.html</url>
          <price>39.99</price>
          <isbn>1-57169066-2</isbn>
          <authorlist>
            <author>
              <authorId>60</authorId>
              <firstname>Kent</firstname>
              <lastname>Cearly</lastname>
              <url>https://www.atwrjixi.at</url>
            </author>
          </authorlist>
        </book>
        <book>
          <bookId>178</bookId>
          <title>HTML Web Publisher's Construction Kit</title>
          <url>found.cs.nyu.edu/downing/htmlbook.html</url>
          <price>36.95</price>
          <isbn>1-57-169018-2</isbn>
          <authorlist>
            <author>
              <authorId>63</authorId>
              <firstname>Troy</firstname>
              <lastname>Downing</lastname>
              <url>https://www.rgjxjbm.at</url>
            </author>
            <author>
              <authorId>67</authorId>
              <firstname>David</firstname>
              <lastname>Fox</lastname>
              <url>https://www.kvbthdomng.at</url>
            </author>
          </authorlist>
        </book>
      </booklist>
    </publisher>
    <publisher>
      <publisherId>53</publisherId>
      <name>Wiley</name>
      <url>www.wiley.com/</url>
      <booklist>
        <book>
          <bookId>176</bookId>
          <title>HTML Sourcebook, 2nd Ed.</title>
          <url>www.wiley.com:80/compbooks/k19.html</url>
          <price>30.00</price>
          <isbn>0-47-114242-5</isbn>
          <authorlist>
            <author>
              <authorId>69</authorId>
              <firstname>Ian</firstname>
              <lastname>Graham</lastname>
              <url>https://www.ghogjabkjmi.at</url>
            </author>
          </authorlist>
        </book>
      </booklist>
    </publisher>
    <publisher>
      <publisherId>54</publisherId>
      <name>Ziff-Davis</name>
      <url>www.mcp.com/zdpress/</url>
      <booklist>
        <book>
          <bookId>162</bookId>
          <title>How to Use HTML 3</title>
          <url>www.mcp.com/169486041707673/cgi-bin/bag?isbn=1-56276-390-3&amp;last=/bookstore</url>
          <price>24.99</price>
          <isbn>1-56276390-3</isbn>
          <authorlist>
            <author>
              <authorId>55</authorId>
              <firstname>Scott</firstname>
              <lastname>Arpajian</lastname>
              <url>https://www.qwtojlh.at</url>
            </author>
          </authorlist>
        </book>
        <book>
          <bookId>165</bookId>
          <title>HTML 3.0 Manual of Style (2nd Ed.)</title>
          <url>www.mcp.com/zdpress/features/html3.html</url>
          <price>24.95</price>
          <isbn>1-56-276352-0</isbn>
          <authorlist>
            <author>
              <authorId>106</authorId>
              <firstname>Larry</firstname>
              <lastname>Aronson</lastname>
              <url>https://www.iibrtgl.at</url>
            </author>
          </authorlist>
        </book>
      </booklist>
    </publisher>
  </publisherlist>
</bookShop>
