[ {
  "dateTime" : "2022-02-28T06:00:05",
  "temperature" : -3.99,
  "pressure" : 938.0,
  "humidity" : 87.0,
  "windSpeed" : 86,
  "windDirection" : 55
}, {
  "dateTime" : "2022-02-28T06:00:06",
  "temperature" : -3.99,
  "pressure" : 1049.0,
  "humidity" : 32.0,
  "windSpeed" : 4,
  "windDirection" : 20
}, {
  "dateTime" : "2022-02-28T06:00:09",
  "temperature" : -3.98,
  "pressure" : 1037.0,
  "humidity" : 65.0,
  "windSpeed" : 85,
  "windDirection" : 63
}, {
  "dateTime" : "2022-02-28T06:00:13",
  "temperature" : -3.97,
  "pressure" : 1032.0,
  "humidity" : 34.0,
  "windSpeed" : 43,
  "windDirection" : 77
}, {
  "dateTime" : "2022-02-28T06:00:14",
  "temperature" : -3.97,
  "pressure" : 1010.0,
  "humidity" : 59.0,
  "windSpeed" : 22,
  "windDirection" : 69
}, {
  "dateTime" : "2022-02-28T06:00:18",
  "temperature" : -3.97,
  "pressure" : 941.0,
  "humidity" : 51.0,
  "windSpeed" : 38,
  "windDirection" : 91
}, {
  "dateTime" : "2022-02-28T06:00:19",
  "temperature" : -3.96,
  "pressure" : 1016.0,
  "humidity" : 83.0,
  "windSpeed" : 70,
  "windDirection" : 25
}, {
  "dateTime" : "2022-02-28T06:00:21",
  "temperature" : -3.95,
  "pressure" : 1037.0,
  "humidity" : 84.0,
  "windSpeed" : 24,
  "windDirection" : 18
}, {
  "dateTime" : "2022-02-28T06:00:26",
  "temperature" : -3.94,
  "pressure" : 950.0,
  "humidity" : 48.0,
  "windSpeed" : 18,
  "windDirection" : 56
}, {
  "dateTime" : "2022-02-28T06:00:27",
  "temperature" : -3.94,
  "pressure" : 1073.0,
  "humidity" : 11.0,
  "windSpeed" : 69,
  "windDirection" : 91
}, {
  "dateTime" : "2022-02-28T06:00:32",
  "temperature" : -3.94,
  "pressure" : 932.0,
  "humidity" : 75.0,
  "windSpeed" : 53,
  "windDirection" : 73
}, {
  "dateTime" : "2022-02-28T06:00:34",
  "temperature" : -3.93,
  "pressure" : 987.0,
  "humidity" : 54.0,
  "windSpeed" : 23,
  "windDirection" : 86
}, {
  "dateTime" : "2022-02-28T06:00:38",
  "temperature" : -3.93,
  "pressure" : 1084.0,
  "humidity" : 23.0,
  "windSpeed" : 97,
  "windDirection" : 63
}, {
  "dateTime" : "2022-02-28T06:00:40",
  "temperature" : -3.92,
  "pressure" : 1083.0,
  "humidity" : 36.0,
  "windSpeed" : 41,
  "windDirection" : 36
}, {
  "dateTime" : "2022-02-28T06:00:41",
  "temperature" : -3.91,
  "pressure" : 1062.0,
  "humidity" : 14.0,
  "windSpeed" : 66,
  "windDirection" : 0
}, {
  "dateTime" : "2022-02-28T06:00:44",
  "temperature" : -3.91,
  "pressure" : 949.0,
  "humidity" : 75.0,
  "windSpeed" : 49,
  "windDirection" : 81
}, {
  "dateTime" : "2022-02-28T06:00:48",
  "temperature" : -3.9,
  "pressure" : 1078.0,
  "humidity" : 17.0,
  "windSpeed" : 68,
  "windDirection" : 22
}, {
  "dateTime" : "2022-02-28T06:00:50",
  "temperature" : -3.9,
  "pressure" : 995.0,
  "humidity" : 48.0,
  "windSpeed" : 6,
  "windDirection" : 39
}, {
  "dateTime" : "2022-02-28T06:00:55",
  "temperature" : -3.9,
  "pressure" : 1065.0,
  "humidity" : 20.0,
  "windSpeed" : 84,
  "windDirection" : 13
}, {
  "dateTime" : "2022-02-28T06:00:58",
  "temperature" : -3.89,
  "pressure" : 949.0,
  "humidity" : 88.0,
  "windSpeed" : 77,
  "windDirection" : 16
}, {
  "dateTime" : "2022-02-28T06:01:02",
  "temperature" : -3.89,
  "pressure" : 960.0,
  "humidity" : 89.0,
  "windSpeed" : 27,
  "windDirection" : 62
}, {
  "dateTime" : "2022-02-28T06:01:05",
  "temperature" : -3.88,
  "pressure" : 1008.0,
  "humidity" : 18.0,
  "windSpeed" : 63,
  "windDirection" : 78
}, {
  "dateTime" : "2022-02-28T06:01:06",
  "temperature" : -3.87,
  "pressure" : 930.0,
  "humidity" : 60.0,
  "windSpeed" : 77,
  "windDirection" : 44
}, {
  "dateTime" : "2022-02-28T06:01:11",
  "temperature" : -3.87,
  "pressure" : 1005.0,
  "humidity" : 56.0,
  "windSpeed" : 60,
  "windDirection" : 81
} ]